{
	"start":	{
		"connected":	[{
				"socket":	5,
				"local_host":	"192.168.1.10",
				"local_port":	33419,
				"remote_host":	"192.168.1.20",
				"remote_port":	5201
			}],
		"version":	"iperf 3.7",
		"system_info":	"Linux kent-virtual-machine 5.11.0-46-generic #51~20.04.1-Ubuntu SMP Fri Jan 7 06:51:40 UTC 2022 x86_64",
		"timestamp":	{
			"time":	"Mon, 17 Jan 2022 17:49:48 GMT",
			"timesecs":	1642441788
		},
		"connecting_to":	{
			"host":	"192.168.1.20",
			"port":	5201
		},
		"cookie":	"xyghyam5tderkoqoksngwxbsy2jnkua65pry",
		"sock_bufsize":	0,
		"sndbuf_actual":	212992,
		"rcvbuf_actual":	212992,
		"test_start":	{
			"protocol":	"UDP",
			"num_streams":	1,
			"blksize":	1448,
			"omit":	0,
			"duration":	10,
			"bytes":	0,
			"blocks":	0,
			"reverse":	1,
			"tos":	0
		}
	},
	"intervals":	[{
			"streams":	[{
					"socket":	5,
					"start":	0,
					"end":	3.9350810000000003,
					"seconds":	3.9350810050964355,
					"bytes":	1448,
					"bits_per_second":	2943.7767570724036,
					"jitter_ms":	217018.691125,
					"lost_packets":	0,
					"packets":	1,
					"lost_percent":	0,
					"omitted":	false,
					"sender":	false
				}],
			"sum":	{
				"start":	0,
				"end":	3.9350810000000003,
				"seconds":	3.9350810050964355,
				"bytes":	1448,
				"bits_per_second":	2943.7767570724036,
				"jitter_ms":	217018.691125,
				"lost_packets":	0,
				"packets":	1,
				"lost_percent":	0,
				"omitted":	false,
				"sender":	false
			}
		}, {
			"streams":	[{
					"socket":	5,
					"start":	3.935145,
					"end":	4.00035,
					"seconds":	0.065205000340938568,
					"bytes":	91224,
					"bits_per_second":	11192270.472879738,
					"jitter_ms":	3721.2517637052056,
					"lost_packets":	0,
					"packets":	63,
					"lost_percent":	0,
					"omitted":	false,
					"sender":	false
				}],
			"sum":	{
				"start":	3.935145,
				"end":	4.00035,
				"seconds":	0.065205000340938568,
				"bytes":	91224,
				"bits_per_second":	11192270.472879738,
				"jitter_ms":	3721.2517637052056,
				"lost_packets":	0,
				"packets":	63,
				"lost_percent":	0,
				"omitted":	false,
				"sender":	false
			}
		}, {
			"streams":	[{
					"socket":	5,
					"start":	4.00035,
					"end":	5.001953,
					"seconds":	1.0016030073165894,
					"bytes":	0,
					"bits_per_second":	0,
					"jitter_ms":	3721.2517637052056,
					"lost_packets":	0,
					"packets":	0,
					"lost_percent":	0,
					"omitted":	false,
					"sender":	false
				}],
			"sum":	{
				"start":	4.00035,
				"end":	5.001953,
				"seconds":	1.0016030073165894,
				"bytes":	0,
				"bits_per_second":	0,
				"jitter_ms":	3721.2517637052056,
				"lost_packets":	0,
				"packets":	0,
				"lost_percent":	0,
				"omitted":	false,
				"sender":	false
			}
		}, {
			"streams":	[{
					"socket":	5,
					"start":	5.001953,
					"end":	6.001062,
					"seconds":	0.99910902976989746,
					"bytes":	185344,
					"bits_per_second":	1484074.2659902587,
					"jitter_ms":	1.0476982819933027,
					"lost_packets":	0,
					"packets":	128,
					"lost_percent":	0,
					"omitted":	false,
					"sender":	false
				}],
			"sum":	{
				"start":	5.001953,
				"end":	6.001062,
				"seconds":	0.99910902976989746,
				"bytes":	185344,
				"bits_per_second":	1484074.2659902587,
				"jitter_ms":	1.0476982819933027,
				"lost_packets":	0,
				"packets":	128,
				"lost_percent":	0,
				"omitted":	false,
				"sender":	false
			}
		}, {
			"streams":	[{
					"socket":	5,
					"start":	6.001062,
					"end":	7.002198,
					"seconds":	1.0011359453201294,
					"bytes":	0,
					"bits_per_second":	0,
					"jitter_ms":	1.0476982819933027,
					"lost_packets":	0,
					"packets":	0,
					"lost_percent":	0,
					"omitted":	false,
					"sender":	false
				}],
			"sum":	{
				"start":	6.001062,
				"end":	7.002198,
				"seconds":	1.0011359453201294,
				"bytes":	0,
				"bits_per_second":	0,
				"jitter_ms":	1.0476982819933027,
				"lost_packets":	0,
				"packets":	0,
				"lost_percent":	0,
				"omitted":	false,
				"sender":	false
			}
		}, {
			"streams":	[{
					"socket":	5,
					"start":	7.002198,
					"end":	8.001159,
					"seconds":	0.99896097183227539,
					"bytes":	185344,
					"bits_per_second":	1484294.223507415,
					"jitter_ms":	0.15653284497696124,
					"lost_packets":	0,
					"packets":	128,
					"lost_percent":	0,
					"omitted":	false,
					"sender":	false
				}],
			"sum":	{
				"start":	7.002198,
				"end":	8.001159,
				"seconds":	0.99896097183227539,
				"bytes":	185344,
				"bits_per_second":	1484294.223507415,
				"jitter_ms":	0.15653284497696124,
				"lost_packets":	0,
				"packets":	128,
				"lost_percent":	0,
				"omitted":	false,
				"sender":	false
			}
		}, {
			"streams":	[{
					"socket":	5,
					"start":	8.001159,
					"end":	9.001594,
					"seconds":	1.0004349946975708,
					"bytes":	1055592,
					"bits_per_second":	8441064.1818390451,
					"jitter_ms":	0.21466410648814951,
					"lost_packets":	72765,
					"packets":	73494,
					"lost_percent":	99.008082292432036,
					"omitted":	false,
					"sender":	false
				}],
			"sum":	{
				"start":	8.001159,
				"end":	9.001594,
				"seconds":	1.0004349946975708,
				"bytes":	1055592,
				"bits_per_second":	8441064.1818390451,
				"jitter_ms":	0.21466410648814951,
				"lost_packets":	72765,
				"packets":	73494,
				"lost_percent":	99.008082292432036,
				"omitted":	false,
				"sender":	false
			}
		}, {
			"streams":	[{
					"socket":	5,
					"start":	9.001594,
					"end":	10.002266,
					"seconds":	1.0006719827651978,
					"bytes":	0,
					"bits_per_second":	0,
					"jitter_ms":	0.21466410648814951,
					"lost_packets":	0,
					"packets":	0,
					"lost_percent":	0,
					"omitted":	false,
					"sender":	false
				}],
			"sum":	{
				"start":	9.001594,
				"end":	10.002266,
				"seconds":	1.0006719827651978,
				"bytes":	0,
				"bits_per_second":	0,
				"jitter_ms":	0.21466410648814951,
				"lost_packets":	0,
				"packets":	0,
				"lost_percent":	0,
				"omitted":	false,
				"sender":	false
			}
		}],
	"end":	{
		"streams":	[{
				"udp":	{
					"socket":	5,
					"start":	0,
					"end":	10.005021,
					"seconds":	10.005021,
					"bytes":	357810936,
					"bits_per_second":	286105095.43158382,
					"jitter_ms":	0.21466410648814951,
					"lost_packets":	72765,
					"packets":	247107,
					"lost_percent":	29.446757882212967,
					"out_of_order":	0,
					"sender":	false
				}
			}],
		"sum":	{
			"start":	0,
			"end":	10.002266,
			"seconds":	10.002266,
			"bytes":	357810936,
			"bits_per_second":	286105095.43158382,
			"jitter_ms":	0.21466410648814951,
			"lost_packets":	72765,
			"packets":	247107,
			"lost_percent":	29.446757882212967,
			"sender":	false
		},
		"cpu_utilization_percent":	{
			"host_total":	39.223506634200625,
			"host_user":	8.5504510672939666,
			"host_system":	30.673065558097424,
			"remote_total":	6.73864954171311,
			"remote_user":	1.1875778031362809,
			"remote_system":	5.5510737362181723
		}
	}
}
