{
	"start":	{
		"connected":	[{
				"socket":	5,
				"local_host":	"192.168.1.10",
				"local_port":	64578,
				"remote_host":	"192.168.1.20",
				"remote_port":	5201
			}],
		"version":	"iperf 3.7",
		"system_info":	"Linux kent-virtual-machine 5.11.0-46-generic #51~20.04.1-Ubuntu SMP Fri Jan 7 06:51:40 UTC 2022 x86_64",
		"timestamp":	{
			"time":	"Mon, 17 Jan 2022 17:48:57 GMT",
			"timesecs":	1642441737
		},
		"connecting_to":	{
			"host":	"192.168.1.20",
			"port":	5201
		},
		"cookie":	"s5yfkbvxlwburajfkwnuttbwxrgf5ovt7rnd",
		"sock_bufsize":	0,
		"sndbuf_actual":	212992,
		"rcvbuf_actual":	212992,
		"test_start":	{
			"protocol":	"UDP",
			"num_streams":	1,
			"blksize":	1448,
			"omit":	0,
			"duration":	10,
			"bytes":	0,
			"blocks":	0,
			"reverse":	1,
			"tos":	0
		}
	},
	"intervals":	[{
			"streams":	[{
					"socket":	5,
					"start":	0,
					"end":	2.320304,
					"seconds":	2.3203039169311523,
					"bytes":	1448,
					"bits_per_second":	4992.4494440026056,
					"jitter_ms":	217119.23518750002,
					"lost_packets":	0,
					"packets":	1,
					"lost_percent":	0,
					"omitted":	false,
					"sender":	false
				}],
			"sum":	{
				"start":	0,
				"end":	2.320304,
				"seconds":	2.3203039169311523,
				"bytes":	1448,
				"bits_per_second":	4992.4494440026056,
				"jitter_ms":	217119.23518750002,
				"lost_packets":	0,
				"packets":	1,
				"lost_percent":	0,
				"omitted":	false,
				"sender":	false
			}
		}, {
			"streams":	[{
					"socket":	5,
					"start":	2.320362,
					"end":	3.000859,
					"seconds":	0.68049699068069458,
					"bytes":	89776,
					"bits_per_second":	1055416.8641974207,
					"jitter_ms":	3971.181117135071,
					"lost_packets":	0,
					"packets":	62,
					"lost_percent":	0,
					"omitted":	false,
					"sender":	false
				}],
			"sum":	{
				"start":	2.320362,
				"end":	3.000859,
				"seconds":	0.68049699068069458,
				"bytes":	89776,
				"bits_per_second":	1055416.8641974207,
				"jitter_ms":	3971.181117135071,
				"lost_packets":	0,
				"packets":	62,
				"lost_percent":	0,
				"omitted":	false,
				"sender":	false
			}
		}, {
			"streams":	[{
					"socket":	5,
					"start":	3.000859,
					"end":	4.002016,
					"seconds":	1.0011570453643799,
					"bytes":	0,
					"bits_per_second":	0,
					"jitter_ms":	3971.181117135071,
					"lost_packets":	0,
					"packets":	0,
					"lost_percent":	0,
					"omitted":	false,
					"sender":	false
				}],
			"sum":	{
				"start":	3.000859,
				"end":	4.002016,
				"seconds":	1.0011570453643799,
				"bytes":	0,
				"bits_per_second":	0,
				"jitter_ms":	3971.181117135071,
				"lost_packets":	0,
				"packets":	0,
				"lost_percent":	0,
				"omitted":	false,
				"sender":	false
			}
		}, {
			"streams":	[{
					"socket":	5,
					"start":	4.002016,
					"end":	5.001617,
					"seconds":	0.99960100650787354,
					"bytes":	185344,
					"bits_per_second":	1483343.8445405576,
					"jitter_ms":	1.1505799015995737,
					"lost_packets":	0,
					"packets":	128,
					"lost_percent":	0,
					"omitted":	false,
					"sender":	false
				}],
			"sum":	{
				"start":	4.002016,
				"end":	5.001617,
				"seconds":	0.99960100650787354,
				"bytes":	185344,
				"bits_per_second":	1483343.8445405576,
				"jitter_ms":	1.1505799015995737,
				"lost_packets":	0,
				"packets":	128,
				"lost_percent":	0,
				"omitted":	false,
				"sender":	false
			}
		}, {
			"streams":	[{
					"socket":	5,
					"start":	5.001617,
					"end":	6.002071,
					"seconds":	1.0004539489746094,
					"bytes":	0,
					"bits_per_second":	0,
					"jitter_ms":	1.1505799015995737,
					"lost_packets":	0,
					"packets":	0,
					"lost_percent":	0,
					"omitted":	false,
					"sender":	false
				}],
			"sum":	{
				"start":	5.001617,
				"end":	6.002071,
				"seconds":	1.0004539489746094,
				"bytes":	0,
				"bits_per_second":	0,
				"jitter_ms":	1.1505799015995737,
				"lost_packets":	0,
				"packets":	0,
				"lost_percent":	0,
				"omitted":	false,
				"sender":	false
			}
		}, {
			"streams":	[{
					"socket":	5,
					"start":	6.002071,
					"end":	7.001157,
					"seconds":	0.99908602237701416,
					"bytes":	185344,
					"bits_per_second":	1484108.4419059865,
					"jitter_ms":	0.093938095140808045,
					"lost_packets":	0,
					"packets":	128,
					"lost_percent":	0,
					"omitted":	false,
					"sender":	false
				}],
			"sum":	{
				"start":	6.002071,
				"end":	7.001157,
				"seconds":	0.99908602237701416,
				"bytes":	185344,
				"bits_per_second":	1484108.4419059865,
				"jitter_ms":	0.093938095140808045,
				"lost_packets":	0,
				"packets":	128,
				"lost_percent":	0,
				"omitted":	false,
				"sender":	false
			}
		}, {
			"streams":	[{
					"socket":	5,
					"start":	7.001157,
					"end":	8.001972,
					"seconds":	1.0008150339126587,
					"bytes":	0,
					"bits_per_second":	0,
					"jitter_ms":	0.093938095140808045,
					"lost_packets":	0,
					"packets":	0,
					"lost_percent":	0,
					"omitted":	false,
					"sender":	false
				}],
			"sum":	{
				"start":	7.001157,
				"end":	8.001972,
				"seconds":	1.0008150339126587,
				"bytes":	0,
				"bits_per_second":	0,
				"jitter_ms":	0.093938095140808045,
				"lost_packets":	0,
				"packets":	0,
				"lost_percent":	0,
				"omitted":	false,
				"sender":	false
			}
		}, {
			"streams":	[{
					"socket":	5,
					"start":	8.001972,
					"end":	9.000901,
					"seconds":	0.99892902374267578,
					"bytes":	92672,
					"bits_per_second":	742170.84735639684,
					"jitter_ms":	2.140322973470949,
					"lost_packets":	0,
					"packets":	64,
					"lost_percent":	0,
					"omitted":	false,
					"sender":	false
				}],
			"sum":	{
				"start":	8.001972,
				"end":	9.000901,
				"seconds":	0.99892902374267578,
				"bytes":	92672,
				"bits_per_second":	742170.84735639684,
				"jitter_ms":	2.140322973470949,
				"lost_packets":	0,
				"packets":	64,
				"lost_percent":	0,
				"omitted":	false,
				"sender":	false
			}
		}, {
			"streams":	[{
					"socket":	5,
					"start":	9.000901,
					"end":	10.000463,
					"seconds":	0.99956202507019043,
					"bytes":	185344,
					"bits_per_second":	1483401.6927522626,
					"jitter_ms":	0.087469452774428275,
					"lost_packets":	0,
					"packets":	128,
					"lost_percent":	0,
					"omitted":	false,
					"sender":	false
				}],
			"sum":	{
				"start":	9.000901,
				"end":	10.000463,
				"seconds":	0.99956202507019043,
				"bytes":	185344,
				"bits_per_second":	1483401.6927522626,
				"jitter_ms":	0.087469452774428275,
				"lost_packets":	0,
				"packets":	128,
				"lost_percent":	0,
				"omitted":	false,
				"sender":	false
			}
		}],
	"end":	{
		"streams":	[{
				"udp":	{
					"socket":	5,
					"start":	0,
					"end":	10.003447,
					"seconds":	10.003447,
					"bytes":	361881264,
					"bits_per_second":	289405253.2092188,
					"jitter_ms":	0.087469452774428275,
					"lost_packets":	0,
					"packets":	249918,
					"lost_percent":	0,
					"out_of_order":	0,
					"sender":	false
				}
			}],
		"sum":	{
			"start":	0,
			"end":	10.000463,
			"seconds":	10.000463,
			"bytes":	361881264,
			"bits_per_second":	289405253.2092188,
			"jitter_ms":	0.087469452774428275,
			"lost_packets":	0,
			"packets":	249918,
			"lost_percent":	0,
			"sender":	false
		},
		"cpu_utilization_percent":	{
			"host_total":	13.213464563954542,
			"host_user":	2.70603691905595,
			"host_system":	10.507407656887398,
			"remote_total":	7.00574683913462,
			"remote_user":	1.06865391755853,
			"remote_system":	5.9370849326706034
		}
	}
}
